{"columns": [{"format": {"align": "center", "displayStyle": "plain"}, "renderTypeName": "text", "description": "Program specific site identification number.", "name": "Program Number", "cachedContents": {"smallest": "130001  ", "null": "0", "not_null": "70404", "largest": "V00732", "top": [{"item": "130043  ", "count": "19032"}, {"item": "243010  ", "count": "1440"}, {"item": "734036  ", "count": "1288"}, {"item": "241002  ", "count": "896"}, {"item": "932112  ", "count": "895"}, {"item": "241006  ", "count": "888"}, {"item": "130003B ", "count": "840"}, {"item": "704005  ", "count": "840"}, {"item": "314058  ", "count": "720"}, {"item": "V00350  ", "count": "544"}, {"item": "932121  ", "count": "426"}, {"item": "828016  ", "count": "402"}, {"item": "915156  ", "count": "400"}, {"item": "734040  ", "count": "384"}, {"item": "411005  ", "count": "384"}, {"item": "734004  ", "count": "384"}, {"item": "826003  ", "count": "336"}, {"item": "203003  ", "count": "312"}, {"item": "442006  ", "count": "288"}, {"item": "902003  ", "count": "270"}], "cardinality": "1349"}, "position": 1, "fieldName": "program_number", "width": 182, "tableColumnId": 49929548, "id": 423280127, "dataTypeName": "text"}, {"format": {"align": "center", "displayStyle": "plain"}, "renderTypeName": "text", "description": "HW - State Superfund Program;\nBCP - Brownfield Cleanup Program;\nVCP - Voluntary Cleanup Program;\nERP - Environmental Restoration Program;\nRCRA \u2013 Hazardous Waste Management Program.", "name": "Program Type", "cachedContents": {"smallest": "BCP", "null": "0", "not_null": "70404", "largest": "VCP", "top": [{"item": "HW", "count": "53691"}, {"item": "BCP", "count": "10617"}, {"item": "ERP", "count": "3319"}, {"item": "VCP", "count": "2729"}, {"item": "RCRA", "count": "48"}], "cardinality": "5"}, "position": 2, "fieldName": "program_type", "width": 162, "tableColumnId": 49929549, "id": 423280128, "dataTypeName": "text"}, {"format": {"align": "left", "displayStyle": "plain"}, "renderTypeName": "text", "description": "Program name of the site.", "name": "Program Facility Name", "cachedContents": {"smallest": "100 Oser Avenue", "null": "0", "not_null": "70404", "largest": "York Oil Company", "top": [{"item": "New Cassel Industrial Area", "count": "19032"}, {"item": "Arden Woods Estates Inc.", "count": "1440"}, {"item": "Salina Town Landfill", "count": "1288"}, {"item": "Phelps Dodge Refining Corporation", "count": "896"}, {"item": "Old Upper Mountain Road Site", "count": "895"}, {"item": "Amtrak Sunnyside Yard", "count": "888"}, {"item": "Naval Weapons Ind. Reserve Plant", "count": "840"}, {"item": "Tri-City Barrel Company", "count": "840"}, {"item": "Three Star Anodizing", "count": "720"}, {"item": "Pfizer Sites B and D", "count": "544"}, {"item": "Eighteenmile Creek Corridor", "count": "426"}, {"item": "Dearcop Farm", "count": "402"}, {"item": "Leica, Inc.", "count": "400"}, {"item": "Crouse-Hinds Landfills", "count": "384"}, {"item": "NM - Hudson MGP", "count": "384"}, {"item": "Maestri Property No. 2", "count": "384"}, {"item": "Jones Chemical", "count": "336"}, {"item": "Hexagon Laboratories", "count": "312"}, {"item": "Dewey Loeffel", "count": "288"}, {"item": "Sinclair Refinery", "count": "270"}], "cardinality": "1340"}, "position": 3, "fieldName": "program_facility_name", "width": 215, "tableColumnId": 49929550, "id": 423280129, "dataTypeName": "text"}, {"format": {"align": "center", "displayStyle": "plain"}, "renderTypeName": "text", "description": "Alpha-numeric code that identifies the site class or status:\n02 - The disposal of hazardous waste represents a significant threat to the environment or to health;\n03 - Contamination does not presently constitute a significant threat the environment or to health;\n04 - The site has been properly closed but that requires continued site management;\n05 - No further action required;\nA - Active;\nC - Completed;\nP - Sites where preliminary information indicates that a site may have contamination;\nPR - Sites that are, or have been, subject to the requirements of the RCRA;\nN - No further action.", "name": "Site Class", "cachedContents": {"smallest": "02", "null": "0", "not_null": "70404", "largest": "P ", "top": [{"item": "P ", "count": "19040"}, {"item": "02", "count": "16310"}, {"item": "C ", "count": "16165"}, {"item": "04", "count": "15035"}, {"item": "A ", "count": "2749"}, {"item": "N ", "count": "685"}, {"item": "03", "count": "420"}], "cardinality": "7"}, "position": 4, "fieldName": "siteclass", "width": 141, "tableColumnId": 49929551, "id": 423280130, "dataTypeName": "text"}, {"format": {"align": "left", "displayStyle": "plain"}, "renderTypeName": "text", "description": "Street address or location of the site", "name": "Address1", "cachedContents": {"smallest": "1000 Conklin Street", "null": "0", "not_null": "70404", "largest": "Wythe Ave., Berry St., N 12th & 13th St", "top": [{"item": "Between Old Country Road and Railroad Tracks", "count": "19032"}, {"item": "North of Mosely Avenue btwn Arden Ave & Seguine Pl", "count": "1440"}, {"item": "Wolf Street (NYS Route 11)", "count": "1288"}, {"item": "42-02 56th Road", "count": "896"}, {"item": "Old Upper Mountain Road", "count": "895"}, {"item": "39-29 HONEYWELL STREET", "count": "888"}, {"item": "Old Route 7", "count": "840"}, {"item": "South Oyster Bay Road", "count": "840"}, {"item": "Market Street", "count": "720"}, {"item": "Water Street", "count": "580"}, {"item": "59-71 Gerry St. and 73-87 Gerry St.", "count": "544"}, {"item": "62, 70, 198 & 300 Mill Street", "count": "426"}, {"item": "NW Corner of College Pt Blvd & 40th Road", "count": "416"}, {"item": "92 Dearcop Road", "count": "402"}, {"item": "Eggert and Sugar Roads", "count": "400"}, {"item": "7th North Street", "count": "384"}, {"item": "Behind 756 State Fair Boulevard", "count": "384"}, {"item": "2303 Hamburg Turnpike", "count": "366"}, {"item": "100 Sunny Sol Boulevard", "count": "336"}, {"item": "Washington Street", "count": "316"}], "cardinality": "1256"}, "position": 5, "fieldName": "address1", "width": 208, "tableColumnId": 49929587, "id": 423280131, "dataTypeName": "text"}, {"format": {"align": "left", "displayStyle": "plain"}, "renderTypeName": "text", "description": "Additional street address or location information for the site.", "name": "Address2", "cachedContents": {"smallest": " ", "null": "48849", "not_null": "21555", "largest": "Westchester County Airport", "top": [{"item": " ", "count": "20491"}, {"item": "191 Harrison Ave and 60-66 Gerry St.", "count": "544"}, {"item": "Elmgrove Rd.", "count": "168"}, {"item": "Westchester County Airport", "count": "102"}, {"item": "Page Ave", "count": "72"}, {"item": "One Gladding Street", "count": "48"}, {"item": "(formerly 97 Industrial Park Drive)", "count": "36"}, {"item": "14 E. Chester Street", "count": "24"}, {"item": "4275 Park Avenue", "count": "21"}, {"item": "Brooklyn", "count": "18"}, {"item": "410 East 14th Street", "count": "16"}, {"item": "96-108 10th Avenue", "count": "12"}, {"item": "366 and 370 and 372 Mill Street", "count": "2"}, {"item": "between Race Lane and Fresno Place", "count": "1"}], "cardinality": "14"}, "position": 6, "fieldName": "address2", "width": 208, "tableColumnId": 49929588, "id": 423280132, "dataTypeName": "text"}, {"format": {"align": "left", "displayStyle": "plain"}, "renderTypeName": "text", "description": "City, town or village of the address for the site.", "name": "Locality", "cachedContents": {"smallest": "Akron", "null": "162", "not_null": "70242", "largest": "Yorkville", "top": [{"item": "New Cassel", "count": "19064"}, {"item": "Syracuse", "count": "2548"}, {"item": "Brooklyn", "count": "1904"}, {"item": "Buffalo", "count": "1897"}, {"item": "Staten Island", "count": "1815"}, {"item": "Long Island City", "count": "1703"}, {"item": "Lockport", "count": "1669"}, {"item": "Bronx", "count": "1324"}, {"item": "Rochester", "count": "1248"}, {"item": "Gates", "count": "1022"}, {"item": "Maspeth", "count": "896"}, {"item": "Fenton (Port Crane)", "count": "840"}, {"item": "Bethpage", "count": "840"}, {"item": "Niagara Falls", "count": "799"}, {"item": "Utica", "count": "753"}, {"item": "Wappingers Falls", "count": "738"}, {"item": "Flushing", "count": "693"}, {"item": "New York", "count": "622"}, {"item": "Cheektowaga", "count": "609"}, {"item": "Yonkers", "count": "594"}], "cardinality": "504"}, "position": 7, "fieldName": "locality", "width": 127, "tableColumnId": 49929594, "id": 423280133, "dataTypeName": "text"}, {"format": {"align": "center", "displayStyle": "plain"}, "renderTypeName": "text", "description": "County where site is located.", "name": "County", "cachedContents": {"smallest": "Albany", "null": "0", "not_null": "70404", "largest": "Yates", "top": [{"item": "Nassau", "count": "22078"}, {"item": "Erie", "count": "4116"}, {"item": "Queens", "count": "4060"}, {"item": "Onondaga", "count": "3918"}, {"item": "Monroe", "count": "3627"}, {"item": "Niagara", "count": "3496"}, {"item": "Westchester", "count": "2093"}, {"item": "Suffolk", "count": "1996"}, {"item": "Kings", "count": "1922"}, {"item": "Richmond", "count": "1815"}, {"item": "Bronx", "count": "1522"}, {"item": "Broome", "count": "1515"}, {"item": "Dutchess", "count": "1504"}, {"item": "Oneida", "count": "1193"}, {"item": "Rensselaer", "count": "1119"}, {"item": "Orange", "count": "967"}, {"item": "Ulster", "count": "717"}, {"item": "Saratoga", "count": "706"}, {"item": "St Lawrence", "count": "704"}, {"item": "Albany", "count": "681"}], "cardinality": "61"}, "position": 8, "fieldName": "county", "width": 132, "tableColumnId": 49929595, "id": 423280134, "dataTypeName": "text"}, {"format": {"align": "center", "displayStyle": "plain"}, "renderTypeName": "text", "description": "Zip code of the site. It includes the four digit zip code extension, if available.", "name": "ZIPCode", "cachedContents": {"smallest": "10009", "null": "0", "not_null": "70404", "largest": "17591", "top": [{"item": "11590", "count": "19267"}, {"item": "11101", "count": "1732"}, {"item": "14094", "count": "1616"}, {"item": "10312", "count": "1440"}, {"item": "13212", "count": "1288"}, {"item": "11378", "count": "896"}, {"item": "11714", "count": "840"}, {"item": "13833", "count": "840"}, {"item": "12590", "count": "744"}, {"item": "14624", "count": "719"}, {"item": "11206", "count": "681"}, {"item": "13209", "count": "668"}, {"item": "11354", "count": "644"}, {"item": "12180", "count": "572"}, {"item": "11735", "count": "557"}, {"item": "13662", "count": "542"}, {"item": "14150", "count": "528"}, {"item": "14218", "count": "500"}, {"item": "12534", "count": "431"}, {"item": "13502", "count": "427"}], "cardinality": "644"}, "position": 9, "fieldName": "zipcode", "width": 140, "tableColumnId": 49929605, "id": 423280135, "dataTypeName": "text"}, {"format": {"align": "center", "displayStyle": "plain"}, "renderTypeName": "text", "description": "Four-digit State Wide Information System (SWIS) code identifying the county, and city or town where the site is physically located.", "name": "SWIS Code", "cachedContents": {"smallest": "0101", "null": "0", "not_null": "70404", "largest": "6236", "top": [{"item": "3022", "count": "19665"}, {"item": "4101", "count": "4060"}, {"item": "1502", "count": "2133"}, {"item": "2401", "count": "1922"}, {"item": "4301", "count": "1815"}, {"item": "0301", "count": "1522"}, {"item": "3209", "count": "1513"}, {"item": "3024", "count": "1478"}, {"item": "2814", "count": "1405"}, {"item": "3415", "count": "1359"}, {"item": "3448", "count": "1331"}, {"item": "2826", "count": "1022"}, {"item": "0432", "count": "864"}, {"item": "5220", "count": "858"}, {"item": "3211", "count": "829"}, {"item": "3020", "count": "761"}, {"item": "1456", "count": "753"}, {"item": "3316", "count": "753"}, {"item": "1509", "count": "629"}, {"item": "1530", "count": "618"}], "cardinality": "355"}, "position": 10, "fieldName": "swis_code", "width": 149, "tableColumnId": 49929606, "id": 423280136, "dataTypeName": "text"}, {"format": {"align": "center", "precisionStyle": "standard", "noCommas": "false"}, "renderTypeName": "number", "description": "NYSDEC Region where the site is located:\nRegion 1: (Long Island) Nassau and Suffolk\ncounties;\nRegion 2: (New York City) Brooklyn, Bronx, Manhattan, Queens and Staten Island;\nRegion 3: (Lower Hudson Valley) Dutchess, Orange, Putnam, Rockland, Sullivan, Ulster and Westchester counties;\nRegion 4: (Capital Region/Northern Catskills) Albany, Columbia, Delaware, Greene, Montgomery, Otsego, Rensselaer, Schenectady and Schoharie counties;\nRegion 5: (Eastern Adirondacks/Lake Champlain) Clinton, Essex, Franklin, Fulton, Hamilton, Saratoga, Warren and Washington counties;\nRegion 6: (Western Adirondacks/Eastern Lake Ontario) Herkimer, Jefferson, Lewis, Oneida and St. Lawrence counties;\nRegion 7: (Central New York) Broome, Cayuga, Chenango, Cortland, Madison, Onondaga, Oswego, Tioga and Tompkins counties;\nRegion 8: (Western Finger Lakes) Chemung, Genesee, Livingston, Monroe, Ontario, Orleans, Schuyler, Seneca, Steuben, Wayne and Yates counties;\nRegion 9: (Western New York) Allegany, Chautauqua, Cattaraugus, Erie, Niagara and Wyoming counties.", "name": "DEC Region", "cachedContents": {"smallest": "1", "null": "0", "not_null": "70404", "largest": "9", "top": [{"item": "1", "count": "24074"}, {"item": "2", "count": "9917"}, {"item": "9", "count": "9107"}, {"item": "7", "count": "6876"}, {"item": "8", "count": "6365"}, {"item": "3", "count": "6136"}, {"item": "4", "count": "3435"}, {"item": "6", "count": "2726"}, {"item": "5", "count": "1768"}], "cardinality": "9"}, "position": 11, "fieldName": "dec_region", "width": 151, "tableColumnId": 49929607, "id": 423280137, "dataTypeName": "number"}, {"format": {"align": "center", "displayStyle": "plain"}, "renderTypeName": "text", "description": "X coordinate; blank if unavailable.", "name": "Latitude", "cachedContents": {"smallest": "40.512614977", "null": "0", "not_null": "70404", "largest": "44.988213889", "top": [{"item": "40.755296200", "count": "19032"}, {"item": "40.540403270", "count": "1440"}, {"item": "43.090070670", "count": "1288"}, {"item": "40.724799370", "count": "896"}, {"item": "43.166269819", "count": "895"}, {"item": "40.751032000", "count": "888"}, {"item": "42.158504000", "count": "840"}, {"item": "40.753719000", "count": "840"}, {"item": "41.597790570", "count": "720"}, {"item": "40.701632280", "count": "544"}, {"item": "43.178864902", "count": "426"}, {"item": "43.156464520", "count": "402"}, {"item": "42.928960290", "count": "400"}, {"item": "42.254887640", "count": "384"}, {"item": "43.085365820", "count": "384"}, {"item": "43.085662640", "count": "384"}, {"item": "42.977964420", "count": "336"}, {"item": "40.887001830", "count": "312"}, {"item": "42.559483170", "count": "288"}, {"item": "42.107079024", "count": "270"}], "cardinality": "1345"}, "position": 12, "fieldName": "latitude", "width": 138, "tableColumnId": 49929609, "id": 423280138, "dataTypeName": "text"}, {"format": {"align": "center", "displayStyle": "plain"}, "renderTypeName": "text", "description": "Y coordinate; blank if unavailable.", "name": "Longitude", "cachedContents": {"smallest": "-72.196022222", "null": "0", "not_null": "70404", "largest": "-79.697025000", "top": [{"item": "-73.553969110", "count": "19032"}, {"item": "-74.171786360", "count": "1440"}, {"item": "-76.154644260", "count": "1288"}, {"item": "-73.922678510", "count": "896"}, {"item": "-78.724411012", "count": "895"}, {"item": "-73.928532000", "count": "888"}, {"item": "-73.492416000", "count": "840"}, {"item": "-75.811645000", "count": "840"}, {"item": "-73.923980160", "count": "720"}, {"item": "-73.947646200", "count": "544"}, {"item": "-78.688011042", "count": "426"}, {"item": "-77.676131620", "count": "402"}, {"item": "-78.796654560", "count": "400"}, {"item": "-73.798972740", "count": "384"}, {"item": "-76.160446260", "count": "384"}, {"item": "-76.235247180", "count": "384"}, {"item": "-77.843626740", "count": "336"}, {"item": "-73.825675170", "count": "312"}, {"item": "-73.558454150", "count": "288"}, {"item": "-77.938257238", "count": "270"}], "cardinality": "1344"}, "position": 13, "fieldName": "longitude", "width": 144, "tableColumnId": 49929608, "id": 423280139, "dataTypeName": "text"}, {"format": {"align": "center", "displayStyle": "plain"}, "renderTypeName": "text", "description": "Code from Control Codes lookup table. Indicates the type of Control - Environmental Easement, Legacy Control (Deed restriction), or Administrative control.", "name": "Control Code", "cachedContents": {"smallest": "A", "null": "0", "not_null": "70404", "largest": "O", "top": [{"item": "A", "count": "33498"}, {"item": "J", "count": "26393"}, {"item": "O", "count": "6080"}, {"item": "D", "count": "2577"}, {"item": "N", "count": "1856"}], "cardinality": "5"}, "position": 14, "fieldName": "control_code", "width": 161, "tableColumnId": 49929610, "id": 423280140, "dataTypeName": "text"}, {"format": {"align": "left", "displayStyle": "plain"}, "renderTypeName": "text", "description": "Type of control - Institutional or Engineering.", "name": "Control Type", "cachedContents": {"smallest": "Decision Document", "null": "0", "not_null": "70404", "largest": "Other Controls", "top": [{"item": "Deed Restriction", "count": "33498"}, {"item": "Environmental Easement", "count": "26393"}, {"item": "Other Controls", "count": "6080"}, {"item": "Decision Document", "count": "2577"}, {"item": "Environmental Notice", "count": "1856"}], "cardinality": "5"}, "position": 15, "fieldName": "control_type", "width": 171, "tableColumnId": 49929611, "id": 423280141, "dataTypeName": "text"}, {"format": {"align": "center", "precisionStyle": "standard", "noCommas": "false"}, "renderTypeName": "text", "description": "Operable Unit (OU) number.", "name": "OU", "cachedContents": {"smallest": "00 ", "null": "0", "not_null": "70404", "largest": "09 ", "top": [{"item": "01 ", "count": "63826"}, {"item": "02 ", "count": "2481"}, {"item": "03 ", "count": "1268"}, {"item": "01A", "count": "724"}, {"item": "00 ", "count": "661"}, {"item": "04 ", "count": "563"}, {"item": "05 ", "count": "198"}, {"item": "06 ", "count": "194"}, {"item": "01B", "count": "178"}, {"item": "01C", "count": "78"}, {"item": "02A", "count": "50"}, {"item": "09 ", "count": "48"}, {"item": "03A", "count": "34"}, {"item": "01D", "count": "19"}, {"item": "01E", "count": "13"}, {"item": "02B", "count": "12"}, {"item": "01J", "count": "8"}, {"item": "01H", "count": "8"}, {"item": "07 ", "count": "6"}, {"item": "03B", "count": "6"}], "cardinality": "31"}, "position": 16, "fieldName": "ou", "width": 124, "tableColumnId": 82682186, "id": 423280142, "dataTypeName": "text"}, {"format": {"align": "center", "displayStyle": "plain"}, "renderTypeName": "text", "description": "Project Type Name. Identifies phase project is in (i.e., remedial investigation, remedial design, remedial action, etc.).", "name": "Project Name", "cachedContents": {"smallest": "Certificate of Completion", "null": "11978", "not_null": "58426", "largest": "Site Characterization", "top": [{"item": "Remedial Investigation                 ", "count": "21903"}, {"item": "Remedial Design                        ", "count": "12495"}, {"item": "Remedial Action                        ", "count": "12185"}, {"item": "Site Characterization", "count": "9888"}, {"item": "Certificate of Completion", "count": "1137"}, {"item": "Remedial Investigation Amendment", "count": "743"}, {"item": "IRWA                               ", "count": "75"}], "cardinality": "7"}, "position": 17, "fieldName": "project_name", "width": 168, "tableColumnId": 49929613, "id": 423280143, "dataTypeName": "text"}, {"format": {"view": "date", "align": "center"}, "renderTypeName": "calendar_date", "description": "Actual or planned project end date as defined by each program.", "name": "Project Completion Date", "cachedContents": {"smallest": "1977-08-01T00:00:00.000", "null": "51", "not_null": "70353", "largest": "2074-04-02T00:00:00.000", "top": [{"item": "1995-02-01T00:00:00.000", "count": "6406"}, {"item": "2003-11-07T00:00:00.000", "count": "6344"}, {"item": "2012-10-24T00:00:00.000", "count": "6344"}, {"item": "2019-12-31T00:00:00.000", "count": "840"}, {"item": "1999-03-01T00:00:00.000", "count": "811"}, {"item": "1993-03-01T00:00:00.000", "count": "506"}, {"item": "2000-12-22T00:00:00.000", "count": "480"}, {"item": "2003-12-16T00:00:00.000", "count": "480"}, {"item": "1995-03-01T00:00:00.000", "count": "420"}, {"item": "2009-03-31T00:00:00.000", "count": "405"}, {"item": "1997-03-01T00:00:00.000", "count": "391"}, {"item": "1994-03-01T00:00:00.000", "count": "373"}, {"item": "2020-03-31T00:00:00.000", "count": "335"}, {"item": "1996-03-01T00:00:00.000", "count": "326"}, {"item": "2000-03-31T00:00:00.000", "count": "324"}, {"item": "1998-03-01T00:00:00.000", "count": "302"}, {"item": "2010-09-30T00:00:00.000", "count": "296"}, {"item": "2019-10-31T00:00:00.000", "count": "281"}, {"item": "1994-05-01T00:00:00.000", "count": "267"}, {"item": "2010-03-30T00:00:00.000", "count": "263"}], "cardinality": "2084"}, "position": 18, "fieldName": "project_completion_date", "width": 221, "tableColumnId": 49929614, "id": 423280144, "dataTypeName": "calendar_date"}, {"format": {"align": "left", "displayStyle": "plain"}, "renderTypeName": "text", "description": "Name of waste material (e.g. VOC, PAH).", "name": "Waste Name", "cachedContents": {"smallest": " ", "null": "28659", "not_null": "41745", "largest": "ZN, CD, CR, NI, AS, CN SALT", "top": [{"item": "1,1,1-TRICHLOROETHANE (F001 & F002 WASTE)", "count": "9517"}, {"item": "TETRACHLOROETHYLENE (F001 & F002 WASTE)", "count": "9516"}, {"item": " ", "count": "5494"}, {"item": "PCBS", "count": "433"}, {"item": "TRICHLOROETHYLENE (TCE)", "count": "312"}, {"item": "1,1,1-TRICHLOROETHANE", "count": "241"}, {"item": "BENZENE, TOLUENE, TRICHLOROETHYLENE,", "count": "240"}, {"item": "METHYL ETHYL KETONE, XYLENE", "count": "240"}, {"item": "METHYLENE CHLORIDE", "count": "204"}, {"item": "TETRACHLOROETHYLENE (PCE OR \"PERC.\")", "count": "200"}, {"item": "TOLUENE", "count": "193"}, {"item": "DICHLOROETHYLENE, XYLENE, STYRENE,", "count": "180"}, {"item": "CHLORINATED SOLVENTS", "count": "179"}, {"item": "LEAD", "count": "178"}, {"item": "XYLENE", "count": "169"}, {"item": "ARSENIC  (D003)", "count": "168"}, {"item": "TETRACHLOROETHENE {(PCE OR \"PERC.\") F002}", "count": "168"}, {"item": "TRICHLORETHYLENE (F001)", "count": "168"}, {"item": "CYANIDE (F007)", "count": "168"}, {"item": "VINYL CHLORIDE", "count": "159"}], "cardinality": "1162"}, "position": 19, "fieldName": "waste_name", "width": 195, "tableColumnId": 49929626, "id": 423280145, "dataTypeName": "text"}, {"format": {"align": "left", "displayStyle": "plain"}, "renderTypeName": "text", "description": "Common name of substance/material.", "name": "Contaminants", "cachedContents": {"smallest": "1,1,1,2-tetrachloroethane", "null": "29114", "not_null": "41290", "largest": "zinc phosphate", "top": [{"item": "lead", "count": "2114"}, {"item": "trichloroethene (TCE)", "count": "2030"}, {"item": "tetrachloroethene (PCE)", "count": "1892"}, {"item": "xylene (mixed)", "count": "1637"}, {"item": "benzene", "count": "1520"}, {"item": "arsenic", "count": "1302"}, {"item": "toluene", "count": "1295"}, {"item": "chromium", "count": "1236"}, {"item": "benzo(a)pyrene", "count": "1230"}, {"item": "mercury", "count": "1128"}, {"item": "coal tar", "count": "1006"}, {"item": "polychlorinated biphenyls (PCB)", "count": "989"}, {"item": "vinyl chloride", "count": "895"}, {"item": "benzo(b)fluoranthene", "count": "884"}, {"item": "cadmium", "count": "878"}, {"item": "copper", "count": "868"}, {"item": "ethylbenzene", "count": "865"}, {"item": "benzo(a)anthracene", "count": "839"}, {"item": "1,1 dichloroethene", "count": "702"}, {"item": "chrysene", "count": "675"}], "cardinality": "243"}, "position": 20, "fieldName": "contaminants", "width": 244, "tableColumnId": 49929627, "id": 423280146, "dataTypeName": "text"}, {"format": {"align": "left", "displayStyle": "plain"}, "renderTypeName": "text", "description": "Owner of parcel.", "name": "Owner Name", "cachedContents": {"smallest": ".", "null": "3141", "not_null": "67263", "largest": "Zheng Chen", "top": [{"item": "ARKWIN INDUSTRIES", "count": "1464"}, {"item": "NEW YORK TESTING", "count": "732"}, {"item": "KORG USA, INC.", "count": "732"}, {"item": "DBA LONG ISLAND SPRAY & FINISHING", "count": "366"}, {"item": "TAPEMAKERS INC.", "count": "366"}, {"item": "INTERNATIONAL RIBBON AND CARBON", "count": "366"}, {"item": "FINE ART AUTOBODY", "count": "366"}, {"item": "SAM TON SALVAGE", "count": "366"}, {"item": "IMC MAGNETICS CORPORATION", "count": "366"}, {"item": "KWIK-EEZE CORPORATION", "count": "366"}, {"item": "JORWAY CORPORATION", "count": "366"}, {"item": "SEW SIMPLE", "count": "366"}, {"item": "OGIJENKO ANATOLE", "count": "366"}, {"item": "PARAFUSE CORPORATION", "count": "366"}, {"item": "CONTINENTAL EXTRUSION", "count": "366"}, {"item": "CUSTOM COATING INC.", "count": "366"}, {"item": "METPAR STEEL", "count": "366"}, {"item": "JOERGER ENTERPRISES", "count": "366"}, {"item": "Sew Simple", "count": "366"}, {"item": "FREUND WOODWORKING", "count": "366"}], "cardinality": "1600"}, "position": 21, "fieldName": "owner_name", "width": 172, "tableColumnId": 49929628, "id": 423280147, "dataTypeName": "text"}, {"format": {"align": "left", "displayStyle": "plain"}, "renderTypeName": "text", "description": "Street address of the owner.", "name": "Owner Address1", "cachedContents": {"smallest": ".", "null": "3765", "not_null": "66639", "largest": "xxx", "top": [{"item": "710 SUMMA AVENUE", "count": "732"}, {"item": "c/o Three Star Anodizing, Market St Industrial Prk", "count": "720"}, {"item": "299 MAIN STREET", "count": "366"}, {"item": "670 MAIN STREET", "count": "366"}, {"item": "95 HOPPER STREET", "count": "366"}, {"item": "115 FROST STREET", "count": "366"}, {"item": "700 SUMMA AVENUE", "count": "366"}, {"item": "48 URBAN AVENUE", "count": "366"}, {"item": "750 SUMMA AVENUE", "count": "366"}, {"item": "75 STATE STREET", "count": "366"}, {"item": "32 NEW YORK AVENUE", "count": "366"}, {"item": "770 MAIN STREET", "count": "366"}, {"item": "110 STATE STREET", "count": "366"}, {"item": "45 URBAN AVENUE", "count": "366"}, {"item": "90 HOPPER STREET", "count": "366"}, {"item": "36 NEW YORK AVENUE", "count": "366"}, {"item": "72 SYLVESTER STREET", "count": "366"}, {"item": "686 MAIN STREET", "count": "366"}, {"item": "5 BOND STREET", "count": "366"}, {"item": "550 MAIN STREET", "count": "366"}], "cardinality": "1585"}, "position": 22, "fieldName": "owner_address1", "width": 179, "tableColumnId": 49929629, "id": 423280148, "dataTypeName": "text"}, {"format": {"align": "left", "displayStyle": "plain"}, "renderTypeName": "text", "description": "Additional street address information for owner.", "name": "Owner Address2", "cachedContents": {"smallest": " ", "null": "30181", "not_null": "40223", "largest": "unit e26", "top": [{"item": " ", "count": "31781"}, {"item": "McKinley Street", "count": "720"}, {"item": "9742 Maryland Avenue, Bldg Z-144", "count": "280"}, {"item": "Suite 800W", "count": "200"}, {"item": "65 Niagara Square", "count": "192"}, {"item": "18 Link Drive, PO Box 5224", "count": "179"}, {"item": "830 5th Avenue", "count": "144"}, {"item": "13th floor", "count": "123"}, {"item": "1 Kennedy Plaza", "count": "114"}, {"item": "333 North Central Avenue", "count": "112"}, {"item": "2 Galasso Place", "count": "112"}, {"item": "SUITE M1", "count": "112"}, {"item": "P.O. Box 57", "count": "96"}, {"item": "1 Buffington Street", "count": "88"}, {"item": "100 Summit Lake Drive, Suite 100", "count": "87"}, {"item": "101 NY Route 9A", "count": "87"}, {"item": "2nd Floor", "count": "83"}, {"item": "4th Floor", "count": "78"}, {"item": "401 Wilshire Blvd., Suite700", "count": "76"}, {"item": "P.O.Box 182", "count": "72"}], "cardinality": "275"}, "position": 23, "fieldName": "owner_address2", "width": 181, "tableColumnId": 49929630, "id": 423280149, "dataTypeName": "text"}, {"format": {"align": "left", "displayStyle": "plain"}, "renderTypeName": "text", "description": "City for the address of the owner.", "name": "Owner City", "cachedContents": {"smallest": ".", "null": "3611", "not_null": "66793", "largest": "York", "top": [{"item": "WESTBURY", "count": "18726"}, {"item": "New York", "count": "2449"}, {"item": "Buffalo", "count": "1912"}, {"item": "SYRACUSE", "count": "1431"}, {"item": "Staten Island", "count": "1421"}, {"item": "Brooklyn", "count": "1346"}, {"item": "Rochester", "count": "1118"}, {"item": "Syracuse", "count": "944"}, {"item": "ROCHESTER", "count": "754"}, {"item": "Wappingers Falls", "count": "666"}, {"item": "Lockport", "count": "654"}, {"item": "Binghamton", "count": "581"}, {"item": "Albany", "count": "577"}, {"item": "Port Crane", "count": "560"}, {"item": "Washington", "count": "505"}, {"item": "Niagara Falls", "count": "451"}, {"item": "NEW YORK", "count": "410"}, {"item": "Newburgh", "count": "403"}, {"item": "Maspeth", "count": "392"}, {"item": "BUFFALO", "count": "384"}], "cardinality": "731"}, "position": 24, "fieldName": "owner_city", "width": 150, "tableColumnId": 49929631, "id": 423280150, "dataTypeName": "text"}, {"format": {"align": "center", "displayStyle": "plain"}, "renderTypeName": "text", "description": "State for the mailing address of the owner.", "name": "Owner State", "cachedContents": {"smallest": "AL", "null": "3141", "not_null": "67263", "largest": "ZZ", "top": [{"item": "NY", "count": "59419"}, {"item": "DC", "count": "816"}, {"item": "VA", "count": "733"}, {"item": "NJ", "count": "722"}, {"item": "FL", "count": "629"}, {"item": "OH", "count": "622"}, {"item": "PA", "count": "534"}, {"item": "ZZ", "count": "508"}, {"item": "TX", "count": "455"}, {"item": "MI", "count": "365"}, {"item": "CA", "count": "265"}, {"item": "CT", "count": "208"}, {"item": "IL", "count": "201"}, {"item": "DE", "count": "200"}, {"item": "AZ", "count": "190"}, {"item": "TN", "count": "190"}, {"item": "MA", "count": "127"}, {"item": "RI", "count": "112"}, {"item": "MN", "count": "108"}, {"item": "NC", "count": "102"}], "cardinality": "40"}, "position": 25, "fieldName": "owner_state", "width": 157, "tableColumnId": 49929637, "id": 423280151, "dataTypeName": "text"}, {"format": {"align": "center", "displayStyle": "plain"}, "renderTypeName": "text", "description": "Zip code for the mailing address of the owner.", "name": "Owner ZIP", "cachedContents": {"smallest": "          ", "null": "3141", "not_null": "67263", "largest": "V9R6A4    ", "top": [{"item": "11590     ", "count": "18821"}, {"item": "13202     ", "count": "1536"}, {"item": "10312     ", "count": "1296"}, {"item": "14094     ", "count": "989"}, {"item": "12590     ", "count": "854"}, {"item": "13833     ", "count": "840"}, {"item": "14203     ", "count": "748"}, {"item": "          ", "count": "732"}, {"item": "11101     ", "count": "708"}, {"item": "20001     ", "count": "592"}, {"item": "11714     ", "count": "568"}, {"item": "12180     ", "count": "555"}, {"item": "13208     ", "count": "514"}, {"item": "12550     ", "count": "421"}, {"item": "13902     ", "count": "402"}, {"item": "11378     ", "count": "392"}, {"item": "14150     ", "count": "385"}, {"item": "23669     ", "count": "384"}, {"item": "10010     ", "count": "384"}, {"item": "14534     ", "count": "382"}], "cardinality": "774"}, "position": 26, "fieldName": "owner_zip", "width": 142, "tableColumnId": 49929638, "id": 423280152, "dataTypeName": "text"}, {"format": {"align": "left", "displayStyle": "plain"}, "renderTypeName": "text", "description": "Owner during waste/substance disposal", "name": "Disposal Name", "cachedContents": {"smallest": "937 - 941 CONKLIN STREET ASSOCIATES", "null": "45295", "not_null": "25109", "largest": "Yumei Wang, Jiu Gui Sun, and Hao Li", "top": [{"item": "*** MULTIPLE SITE OWNERS ***", "count": "1952"}, {"item": "ARDEN WOODS ESTATES INC.", "count": "1440"}, {"item": "TOWN OF SALINA", "count": "1288"}, {"item": "PENNSYLVANIA RAILROAD - AMTRAK", "count": "888"}, {"item": "GRUMMAN AEROSPACE - US NAVY", "count": "840"}, {"item": "TRI-CITY BARREL COMPANY, INC.", "count": "840"}, {"item": "CHARLES DEARCOP, SR. & HERBERT DEARCOP", "count": "402"}, {"item": "Stephen Evanoff", "count": "400"}, {"item": "CROUSE HINDS", "count": "384"}, {"item": "NY POWER & LIGHT", "count": "384"}, {"item": "JONES CHEMICAL COMPANY, INC.", "count": "336"}, {"item": "NYS ELECTRIC AND GAS COMPANY", "count": "318"}, {"item": "BENDIX CORPORATION", "count": "310"}, {"item": "DEWEY LOEFFEL", "count": "288"}, {"item": "UNKNOWN", "count": "275"}, {"item": "Mr. Andy Fiedler", "count": "270"}, {"item": "ALBERT & PRISCILLA KOPLIC", "count": "256"}, {"item": "US Department of the Army", "count": "230"}, {"item": "ALUMINUM COMPANY OF AMERICA", "count": "228"}, {"item": "UTICA GAS & ELECTRIC", "count": "224"}], "cardinality": "394"}, "position": 27, "fieldName": "disposal_name", "width": 169, "tableColumnId": 49929639, "id": 423280153, "dataTypeName": "text"}, {"format": {"align": "left", "displayStyle": "plain"}, "renderTypeName": "text", "description": "Street address of the owner during waste/substance disposal.", "name": "Disposal Address1", "cachedContents": {"smallest": " ", "null": "63829", "not_null": "6575", "largest": "Waterways Maintenance Division - Canals", "top": [{"item": "Market Street Industrial Park", "count": "720"}, {"item": "c/o  Danaher Corp.", "count": "400"}, {"item": " ", "count": "270"}, {"item": "201 Helios Way", "count": "270"}, {"item": "3364 21st St., Apt. 6C", "count": "208"}, {"item": "5855 LOS VERDES CT", "count": "192"}, {"item": "10 GRACE AVE.,", "count": "168"}, {"item": "115 Tabor Road", "count": "166"}, {"item": "51 CHAMBER STREET", "count": "144"}, {"item": "Prospect and Peddler Hill Roads", "count": "132"}, {"item": "310 Wheeler Street", "count": "129"}, {"item": "3364 21st St. Apt. 6C", "count": "114"}, {"item": "41-60 Main St. ,. # 305", "count": "114"}, {"item": "4483 ROUTE 31", "count": "108"}, {"item": "41-60 Main St.", "count": "108"}, {"item": "41-60 Main St. #305", "count": "100"}, {"item": "4267 Traction Drive", "count": "96"}, {"item": "1815 Clubhouse Drive", "count": "96"}, {"item": "100 Forest Avenue", "count": "96"}, {"item": "PO Box 5224", "count": "92"}], "cardinality": "153"}, "position": 28, "fieldName": "disposal_address1", "width": 190, "tableColumnId": 49929640, "id": 423280154, "dataTypeName": "text"}, {"format": {"align": "left", "displayStyle": "plain"}, "renderTypeName": "text", "description": "Additional street address information for owner during waste/substance disposal.", "name": "Disposal Address2", "cachedContents": {"smallest": " ", "null": "50308", "not_null": "20096", "largest": "Suite 200", "top": [{"item": " ", "count": "18813"}, {"item": "2200 Pennsylvania Ave. NW ; Suite 800W", "count": "400"}, {"item": "Helios Plaza, 6th Floor", "count": "270"}, {"item": "1211 Greenville Mercer Road", "count": "88"}, {"item": "4260 Rock Glen Road", "count": "48"}, {"item": "ONE GLADDING STREET", "count": "48"}, {"item": "Building 35 - 3rd Floor", "count": "42"}, {"item": "3577 Terrace Road", "count": "33"}, {"item": "P.O. Box 15437", "count": "32"}, {"item": "PO Box 2915, 974 Centre Road", "count": "32"}, {"item": "Building 35", "count": "30"}, {"item": "Environmental Compliance Office", "count": "28"}, {"item": "C/O WASTE MANAGEMENT", "count": "24"}, {"item": "PO Box 15437", "count": "24"}, {"item": "1801 TENTH ST, SUITE 2", "count": "24"}, {"item": "ONE LOCK PLAZA", "count": "20"}, {"item": "Suite 1000, 1660 L St.NW", "count": "18"}, {"item": "38 Varick Street", "count": "18"}, {"item": "Suite 200", "count": "16"}, {"item": "Oak Ridge Parkway", "count": "16"}], "cardinality": "30"}, "position": 29, "fieldName": "disposal_address2", "width": 191, "tableColumnId": 49929641, "id": 423280155, "dataTypeName": "text"}, {"format": {"align": "left", "displayStyle": "plain"}, "renderTypeName": "text", "description": "City for the address of the owner during waste/substance disposal.", "name": "Disposal City", "cachedContents": {"smallest": " ", "null": "63772", "not_null": "6632", "largest": "WRIGHT-PATTERSON AFB", "top": [{"item": " ", "count": "1006"}, {"item": "Washington", "count": "418"}, {"item": "Astoria", "count": "322"}, {"item": "Houston", "count": "270"}, {"item": "Rochester", "count": "254"}, {"item": "Flushing", "count": "214"}, {"item": "BRADENTON", "count": "192"}, {"item": "GREAT NECK", "count": "168"}, {"item": "Frewsburg", "count": "168"}, {"item": "Morris Plains", "count": "166"}, {"item": "NEW YORK", "count": "145"}, {"item": "Tonawanda", "count": "134"}, {"item": "Blooming Grove", "count": "132"}, {"item": "Cortland", "count": "129"}, {"item": "Binghamton", "count": "116"}, {"item": "BUFFALO", "count": "109"}, {"item": "Clay", "count": "108"}, {"item": "SOLVAY", "count": "104"}, {"item": "Syracuse", "count": "98"}, {"item": "Buffalo", "count": "96"}], "cardinality": "120"}, "position": 30, "fieldName": "disposal_city", "width": 156, "tableColumnId": 49929642, "id": 423280156, "dataTypeName": "text"}, {"format": {"align": "left", "displayStyle": "plain"}, "renderTypeName": "text", "description": "Zip code for the mailing address of the owner during waste/substance disposal.", "name": "Disposal ZIP", "cachedContents": {"smallest": "          ", "null": "45229", "not_null": "25175", "largest": "77079     ", "top": [{"item": "          ", "count": "19714"}, {"item": "20037     ", "count": "400"}, {"item": "11106     ", "count": "322"}, {"item": "77079     ", "count": "270"}, {"item": "11355     ", "count": "214"}, {"item": "34210     ", "count": "192"}, {"item": "11021     ", "count": "168"}, {"item": "14738     ", "count": "168"}, {"item": "07950     ", "count": "166"}, {"item": "10007     ", "count": "144"}, {"item": "13045     ", "count": "141"}, {"item": "14150     ", "count": "134"}, {"item": "10914     ", "count": "132"}, {"item": "11791     ", "count": "132"}, {"item": "130418707 ", "count": "108"}, {"item": "13221     ", "count": "108"}, {"item": "29730     ", "count": "96"}, {"item": "14213     ", "count": "96"}, {"item": "13902-8839", "count": "92"}, {"item": "16137     ", "count": "88"}], "cardinality": "128"}, "position": 31, "fieldName": "disposal_zip", "width": 152, "tableColumnId": 49929643, "id": 423280157, "dataTypeName": "text"}, {"format": {"align": "left", "displayStyle": "plain"}, "renderTypeName": "text", "description": "State for the mailing address of the owner during waste/substance disposal.", "name": "Disposal State", "cachedContents": {"smallest": "CT", "null": "45229", "not_null": "25175", "largest": "ZZ", "top": [{"item": "ZZ", "count": "17694"}, {"item": "NY", "count": "5639"}, {"item": "DC", "count": "418"}, {"item": "TX", "count": "285"}, {"item": "NJ", "count": "227"}, {"item": "FL", "count": "216"}, {"item": "SC", "count": "96"}, {"item": "PA", "count": "94"}, {"item": "NN", "count": "90"}, {"item": "DE", "count": "88"}, {"item": "OH", "count": "80"}, {"item": "MI", "count": "79"}, {"item": "WV", "count": "56"}, {"item": "NH", "count": "34"}, {"item": "IL", "count": "24"}, {"item": "CT", "count": "20"}, {"item": "MA", "count": "18"}, {"item": "TN", "count": "16"}, {"item": "VA", "count": "1"}], "cardinality": "19"}, "position": 32, "fieldName": "disposal_state", "width": 166, "tableColumnId": 49929644, "id": 423280158, "dataTypeName": "text"}, {"format": {"align": "left", "displayStyle": "plain"}, "renderTypeName": "text", "description": "Name of facility operator.", "name": "Operator Name", "cachedContents": {"smallest": "1470B PV LLC", "null": "21662", "not_null": "48742", "largest": "ZINN MARTIN", "top": [{"item": "ARKWIN INDUSTRIES, INC.", "count": "1560"}, {"item": "TISCHON CORPORATION", "count": "1249"}, {"item": "UNKNOWN3", "count": "749"}, {"item": "ARDEN WOODS ESTATES INC.", "count": "720"}, {"item": "Arden Woods Estates, Inc.", "count": "720"}, {"item": "TOWN OF SALINA", "count": "644"}, {"item": "Town of Salina", "count": "644"}, {"item": "NEW YORK TESTING", "count": "624"}, {"item": "JOSEPH P. DEVITO", "count": "444"}, {"item": "Amtrak - Sunnyside Yard", "count": "444"}, {"item": "Grumman Aerospace Corporation", "count": "432"}, {"item": "WARNER GARY", "count": "420"}, {"item": "Gary Warner", "count": "420"}, {"item": "NY Power & Light", "count": "384"}, {"item": "UNKNOWN", "count": "320"}, {"item": "APPLIED FLUIDS", "count": "312"}, {"item": "FINE ART AUTOBODY", "count": "312"}, {"item": "MOLLA INC.", "count": "312"}, {"item": "CONTINENTAL EXTRUSION", "count": "312"}, {"item": "ALLTRONICS", "count": "312"}], "cardinality": "745"}, "position": 33, "fieldName": "operator_name", "width": 177, "tableColumnId": 49929645, "id": 423280159, "dataTypeName": "text"}, {"format": {"align": "left", "displayStyle": "plain"}, "renderTypeName": "text", "description": "Street address of facility operator.", "name": "Operator Address1", "cachedContents": {"smallest": " ", "null": "24370", "not_null": "46034", "largest": "William Floyd Parkway", "top": [{"item": "223 Nelson Avenue", "count": "720"}, {"item": "223 NELSON AVE.", "count": "720"}, {"item": "201 School Street", "count": "644"}, {"item": "710 SUMMA AVENUE", "count": "624"}, {"item": "c/o Three Star Anodizing, Market St Industrial Prk", "count": "480"}, {"item": "39-29 HONEYWELL ST.", "count": "444"}, {"item": "39-29 Honeywell Street", "count": "444"}, {"item": "R.D. 1, PO BOX 88", "count": "420"}, {"item": "Stewart Avenue", "count": "420"}, {"item": "RD 1  /  PO Box 88", "count": "420"}, {"item": "Eggert & Sugar Roads", "count": "400"}, {"item": "Water Street", "count": "384"}, {"item": "62 KINKEL STREET", "count": "316"}, {"item": "570 MAIN STREET", "count": "312"}, {"item": "54 BROOKLYN AVENUE", "count": "312"}, {"item": "550 MAIN STREET", "count": "312"}, {"item": "75 URBAN AVENUE", "count": "312"}, {"item": "589 MAIN STREET", "count": "312"}, {"item": "90 HOPPER STREET", "count": "312"}, {"item": "69 KINKEL STREET", "count": "312"}], "cardinality": "723"}, "position": 34, "fieldName": "operator_address1", "width": 191, "tableColumnId": 49929646, "id": 423280160, "dataTypeName": "text"}, {"format": {"align": "left", "displayStyle": "plain"}, "renderTypeName": "text", "description": "Additional street address information of facility operator.", "name": "Operator Address2", "cachedContents": {"smallest": " ", "null": "28918", "not_null": "41486", "largest": "Suite 600", "top": [{"item": " ", "count": "39124"}, {"item": "McKinley Street", "count": "480"}, {"item": "210 Main Street", "count": "200"}, {"item": "Buffalo Avenue and 47th Street", "count": "192"}, {"item": "Suite 600", "count": "96"}, {"item": "1 Buffington Street", "count": "88"}, {"item": "2309 Frederick Douglass Boulevard", "count": "72"}, {"item": ",", "count": "66"}, {"item": "Suite 3", "count": "64"}, {"item": "1999 Lake Ave", "count": "52"}, {"item": "Environmental Health Office", "count": "51"}, {"item": "Building 'R' - 3rd Floor", "count": "48"}, {"item": "CENTRAL PARK", "count": "48"}, {"item": "ONE GLADDING STREET", "count": "48"}, {"item": "1211 Greenville Mercer Road", "count": "44"}, {"item": "104 East Woodlawn Ave", "count": "44"}, {"item": "Building 35 - 3rd Floor", "count": "42"}, {"item": "P.O. BOX 15437", "count": "42"}, {"item": "810 Seventh Avenue", "count": "36"}, {"item": "920 City Hall", "count": "36"}], "cardinality": "58"}, "position": 35, "fieldName": "operator_address2", "width": 194, "tableColumnId": 49929647, "id": 423280162, "dataTypeName": "text"}, {"format": {"align": "left", "displayStyle": "plain"}, "renderTypeName": "text", "description": "City for the address of the facility operator.", "name": "Operator City", "cachedContents": {"smallest": " ", "null": "24156", "not_null": "46248", "largest": "Yorkville", "top": [{"item": "WESTBURY", "count": "19120"}, {"item": "Rochester", "count": "959"}, {"item": "Buffalo", "count": "916"}, {"item": "ROCHESTER", "count": "781"}, {"item": "Staten Island", "count": "744"}, {"item": "STATEN ISLAND", "count": "738"}, {"item": "Syracuse", "count": "733"}, {"item": "Niagara Falls", "count": "674"}, {"item": "Liverpool", "count": "644"}, {"item": "Long Island City", "count": "631"}, {"item": "Bethpage", "count": "630"}, {"item": "LONG ISLAND CITY", "count": "468"}, {"item": "Cheektowaga", "count": "464"}, {"item": "Port Crane", "count": "420"}, {"item": "PORT CRANE", "count": "420"}, {"item": "NEW YORK", "count": "401"}, {"item": "Hudson", "count": "384"}, {"item": "SYRACUSE", "count": "358"}, {"item": "BINGHAMTON", "count": "343"}, {"item": "NIAGARA FALLS", "count": "331"}], "cardinality": "375"}, "position": 36, "fieldName": "operator_city", "width": 161, "tableColumnId": 49929648, "id": 423280163, "dataTypeName": "text"}, {"format": {"align": "center", "displayStyle": "plain"}, "renderTypeName": "text", "description": "State for the mailing address of the facility operator.", "name": "Operator State", "cachedContents": {"smallest": "CT", "null": "21662", "not_null": "48742", "largest": "ZZ", "top": [{"item": "NY", "count": "45060"}, {"item": "ZZ", "count": "2312"}, {"item": "NJ", "count": "519"}, {"item": "PA", "count": "247"}, {"item": "VA", "count": "123"}, {"item": "MA", "count": "92"}, {"item": "CT", "count": "91"}, {"item": "MI", "count": "78"}, {"item": "FL", "count": "77"}, {"item": "OH", "count": "54"}, {"item": "DE", "count": "42"}, {"item": "TN", "count": "41"}, {"item": "TX", "count": "6"}], "cardinality": "13"}, "position": 37, "fieldName": "operator_state", "width": 168, "tableColumnId": 49929649, "id": 423280164, "dataTypeName": "text"}, {"format": {"align": "center", "displayStyle": "plain"}, "renderTypeName": "text", "description": "Zip code for the mailing address of the facility operator.", "name": "Operator Zip", "cachedContents": {"smallest": "          ", "null": "21662", "not_null": "48742", "largest": "77002     ", "top": [{"item": "11590     ", "count": "19233"}, {"item": "          ", "count": "4342"}, {"item": "11101     ", "count": "1092"}, {"item": "10308     ", "count": "720"}, {"item": "13088     ", "count": "680"}, {"item": "11714     ", "count": "654"}, {"item": "12590     ", "count": "626"}, {"item": "11735     ", "count": "491"}, {"item": "14304     ", "count": "431"}, {"item": "13833     ", "count": "420"}, {"item": "14624     ", "count": "418"}, {"item": "14215     ", "count": "408"}, {"item": "12534     ", "count": "384"}, {"item": "13210     ", "count": "384"}, {"item": "13202     ", "count": "378"}, {"item": "14423     ", "count": "336"}, {"item": "13903     ", "count": "327"}, {"item": "14218     ", "count": "320"}, {"item": "14895     ", "count": "302"}, {"item": "13838     ", "count": "258"}], "cardinality": "359"}, "position": 38, "fieldName": "operator_zip", "width": 153, "tableColumnId": 49929650, "id": 423280165, "dataTypeName": "text"}, {"format": {}, "renderTypeName": "location", "description": "Open Data/Socrata-generated geocoding information.", "name": "Location 1", "position": 39, "fieldName": "location_1", "tableColumnId": 75375095, "id": 423280166, "dataTypeName": "location"}, {"format": {}, "renderTypeName": "number", "name": "NYS Municipal Boundaries", "computationStrategy": {"source_columns": ["location_1"], "type": "georegion_match_on_point", "parameters": {"region": "_yamh-8v7k", "primary_key": "_feature_id"}}, "fieldName": ":@computed_region_yamh_8v7k", "position": 44, "tableColumnId": 75375185, "id": 423280171, "dataTypeName": "number"}, {"format": {}, "renderTypeName": "number", "name": "New York Zip Codes", "computationStrategy": {"source_columns": ["location_1"], "type": "georegion_match_on_point", "parameters": {"region": "_wbg7-3whc", "primary_key": "_feature_id"}}, "fieldName": ":@computed_region_wbg7_3whc", "position": 45, "tableColumnId": 75375186, "id": 423280172, "dataTypeName": "number"}, {"format": {}, "renderTypeName": "number", "name": "Counties", "computationStrategy": {"source_columns": ["location_1"], "type": "georegion_match_on_point", "parameters": {"region": "_kjdx-g34t", "primary_key": "_feature_id"}}, "fieldName": ":@computed_region_kjdx_g34t", "position": 46, "tableColumnId": 75375187, "id": 423280173, "dataTypeName": "number"}], "publicationStage": "published", "category": "Energy & Environment", "rowsUpdatedBy": "xzik-pf59", "tableId": 16433230, "approvals": [{"submissionDetails": {"permissionType": "READ"}, "submittedAt": 1564006257, "submissionObject": "public_audience_request", "submitter": {"id": "xzik-pf59", "displayName": "NY Open Data"}, "submissionOutcome": "change_audience", "reviewedAutomatically": true, "state": "approved", "reviewedAt": 1564006257, "submissionId": 1049207, "submissionOutcomeApplication": {"status": "success", "failureCount": 0}, "workflowId": 2254}], "createdAt": 1499355448, "query": {}, "provenance": "official", "publicationDate": 1565763066, "metadata": {"attachments": [{"filename": "NYSDEC_EnvironmentalRemediationSites_Overview.pdf", "assetId": "c0541f59-9863-4cae-ac66-4b925f5a37cd", "name": "NYSDEC_EnvironmentalRemediationSites_Overview.pdf"}, {"filename": "NYSDEC_EnvironmentalRemediationSites_DataDictionary.pdf", "assetId": "6c6b1823-25c3-4112-b7d7-80e39620e273", "name": "NYSDEC_EnvironmentalRemediationSites_DataDictionary.pdf"}], "rowLabel": "", "availableDisplayTypes": ["table", "fatrow", "page"], "renderTypeConfig": {"visible": {"table": true}}, "rdfSubject": "0", "custom_fields": {"Dataset Information": {"Agency": "Environmental Conservation, Department of"}, "Additional Resources": {"See Also": "http://www.dec.ny.gov/cfmx/extapps/derexternal/index.cfm?pageid=3", "See Also   ": "http://www.dec.ny.gov/pubs/109457.html", "See Also ": "ftp://ftp.dec.state.ny.us/der/FOIL/remediation.zip", "See Also  ": "ftp://ftp.dec.state.ny.us/der/FOIL/RemedialGIS.zip"}, "Local Data": {"Municipality_Column": "locality", "County_Column": "county", "County Filter": "Yes", "Municipality Filter": "Yes"}, "Dataset Summary": {"Posting Frequency": "Daily", "Organization": "Division of Environmental Remediation, New York State Department of Environmental Conservation", "Time Period": "Current", "Dataset Owner": "New York State Department of Environmental Conservation", "Granularity": "Remediation Site Location", "Coverage": "Statewide", "Contact Information": "derweb@dec.ny.gov"}, "Notes": {"Notes": "Any documentation provided is an integral part of the data set. Although every effort has been made to ensure the accuracy of information, errors may be reflected in the data supplied. The user must be aware of data conditions and bear responsibility for the appropriate use of the information with respect to possible errors, original map scale, collection methodology, currency of data, and other conditions."}}}, "numberOfComments": 0, "hideFromDataJson": false, "attributionLink": "http://www.dec.ny.gov/chemical/brownfields.html", "newBackend": true, "viewType": "tabular", "totalTimesRated": 0, "viewLastModified": 1565763066, "downloadCount": 1337, "name": "Environmental Remediation Sites", "grants": [{"type": "viewer", "inherited": false, "flags": ["public"]}], "publicationAppendEnabled": false, "displayType": "table", "viewCount": 1837, "rowsUpdatedAt": 1565762987, "oid": 32143700, "tags": ["remediation", "cleanup", "contamination", "pollution", "superfund", "brownfields", "inactive hazardous waste sites"], "description": "Environmental Remediation Sites are areas being remediated under one of DEC's remedial programs, including State Superfund and Brownfield Cleanup.  This database contains records of the sites which have been remediated or are being managed under by the agency. All sites listed on the \"Registry of Inactive Hazardous Waste Disposal Sites in New York State\" are included in this database. The Database also includes the \"Registry of Institutional and Engineering Controls in New York State\".\r\n\r\nEach site record includes: Administrative information, including site name, classification, unique site code, site   location, and site owner(s).    Institutional and Engineering Controls implemented at the site. Wastes known or thought to be disposed at the site.", "owner": {"type": "interactive", "profileImageUrlSmall": "/api/users/xzik-pf59/profile_images/TINY", "profileImageUrlMedium": "/api/users/xzik-pf59/profile_images/THUMB", "screenName": "NY Open Data", "id": "xzik-pf59", "displayName": "NY Open Data", "profileImageUrlLarge": "/api/users/xzik-pf59/profile_images/LARGE"}, "indexUpdatedAt": 1565762993, "rights": ["read"], "attribution": "New York State Department of Environmental Conservation", "id": "c6ci-rzpg", "hideFromCatalog": false, "tableAuthor": {"type": "interactive", "profileImageUrlSmall": "/api/users/xzik-pf59/profile_images/TINY", "profileImageUrlMedium": "/api/users/xzik-pf59/profile_images/THUMB", "screenName": "NY Open Data", "id": "xzik-pf59", "displayName": "NY Open Data", "profileImageUrlLarge": "/api/users/xzik-pf59/profile_images/LARGE"}, "publicationGroup": 14311616, "averageRating": 0, "flags": ["default", "restorable", "restorePossibleForType"]}